lugar|titulo|url_estancia|valoracion_clientes|n_valoraciones|tipo|estrellas|fecha_entrada|fecha_salida|n_adultos|n_habitaciones|n_menores
Punta_Umbría|Pato Rojo|https://www.booking.com/hotel/es/pato-rojo.es.html?checkin=2026-09-16&checkout=2026-09-19&group_adults=2&req_adults=2&no_rooms=1&group_children=0&req_children=0|8,9|917|Hotel|3|2026-09-16|2026-09-19|2|1|0
Punta_Umbría|Hostal Playa|https://www.booking.com/hotel/es/hostal-la-playa-huelva.es.html?checkin=2026-09-16&checkout=2026-09-19&group_adults=2&req_adults=2&no_rooms=1&group_children=0&req_children=0|8,7|977|Hotel|2|2026-09-16|2026-09-19|2|1|0
Punta_Umbría|Leo Punta Umbría|https://www.booking.com/hotel/es/leo-punta-umbria.es.html?checkin=2026-09-16&checkout=2026-09-19&group_adults=2&req_adults=2&no_rooms=1&group_children=0&req_children=0|8,1|4465|Hotel|3|2026-09-16|2026-09-19|2|1|0
Punta_Umbría|Hostal Patio Andaluz|https://www.booking.com/hotel/es/patio-andaluz.es.html?checkin=2026-09-16&checkout=2026-09-19&group_adults=2&req_adults=2&no_rooms=1&group_children=0&req_children=0|8,6|728|Apartamento/Casa/Estudio|4|2026-09-16|2026-09-19|2|1|0
Punta_Umbría|Barceló Punta Umbría Beach Resort|https://www.booking.com/hotel/es/barcelo-punta-umbria-beach-resort.es.html?checkin=2026-09-16&checkout=2026-09-19&group_adults=2&req_adults=2&no_rooms=1&group_children=0&req_children=0|8,0|2479|Hotel|4|2026-09-16|2026-09-19|2|1|0
Punta_Umbría|Pato Amarillo|https://www.booking.com/hotel/es/pato-amarillo.es.html?checkin=2026-09-16&checkout=2026-09-19&group_adults=2&req_adults=2&no_rooms=1&group_children=0&req_children=0|8,5|1324|Hotel|4|2026-09-16|2026-09-19|2|1|0
Punta_Umbría|Hotel Ayamontino|https://www.booking.com/hotel/es/ayamontino.es.html?checkin=2026-09-16&checkout=2026-09-19&group_adults=2&req_adults=2&no_rooms=1&group_children=0&req_children=0|8,5|1225|Hotel|2|2026-09-16|2026-09-19|2|1|0
Punta_Umbría|Barceló Punta Umbría Mar|https://www.booking.com/hotel/es/barcelo-punta-umbria.es.html?checkin=2026-09-16&checkout=2026-09-19&group_adults=2&req_adults=2&no_rooms=1&group_children=0&req_children=0|8,7|1744|Hotel|4|2026-09-16|2026-09-19|2|1|0
Punta_Umbría|Leo Punta Umbría - Adults Only|https://www.booking.com/hotel/es/leo-punta-umbria-adults-only.es.html?checkin=2026-09-16&checkout=2026-09-19&group_adults=2&req_adults=2&no_rooms=1&group_children=0&req_children=0|8,2|784|Hotel|3|2026-09-16|2026-09-19|2|1|0
Punta_Umbría|Leo Enebrales|https://www.booking.com/hotel/es/leo-punta-umbria-i.es.html?checkin=2026-09-16&checkout=2026-09-19&group_adults=2&req_adults=2&no_rooms=1&group_children=0&req_children=0|7,9|501|Apartamento/Casa/Estudio|3|2026-09-16|2026-09-19|2|1|0
Punta_Umbría|Hostal Royal Bliss|https://www.booking.com/hotel/es/hostal-royal-bliss.es.html?checkin=2026-09-16&checkout=2026-09-19&group_adults=2&req_adults=2&no_rooms=1&group_children=0&req_children=0|8,3|567|Apartamento/Casa/Estudio|3|2026-09-16|2026-09-19|2|1|0
Punta_Umbría|Leo Deluxe Punta Umbría|https://www.booking.com/hotel/es/apartamentos-leo-punta-umbria-deluxe.es.html?checkin=2026-09-16&checkout=2026-09-19&group_adults=2&req_adults=2&no_rooms=1&group_children=0&req_children=0|8,6|1636|Hotel|4|2026-09-16|2026-09-19|2|1|0
Punta_Umbría|Apartamentos Costa Luz Punta Umbría|https://www.booking.com/hotel/es/apartamentos-turisticos-aldetur.es.html?checkin=2026-09-16&checkout=2026-09-19&group_adults=2&req_adults=2&no_rooms=1&group_children=0&req_children=0|8,6|398|Apartamento/Casa/Estudio|4|2026-09-16|2026-09-19|2|1|0
Punta_Umbría|Apartamentos Calypso|https://www.booking.com/hotel/es/apartamentos-calypso.es.html?checkin=2026-09-16&checkout=2026-09-19&group_adults=2&req_adults=2&no_rooms=1&group_children=0&req_children=0|8,1|1843|Hotel|1|2026-09-16|2026-09-19|2|1|0
Punta_Umbría|HOTEL apartamentos SEVEN ROOMS|https://www.booking.com/hotel/es/seven-rooms.es.html?checkin=2026-09-16&checkout=2026-09-19&group_adults=2&req_adults=2&no_rooms=1&group_children=0&req_children=0|8,3|393|Apartamento/Casa/Estudio|3|2026-09-16|2026-09-19|2|1|0
Punta_Umbría|Apartamento centro de Punta Umbria|https://www.booking.com/hotel/es/langostino-1.es.html?checkin=2026-09-16&checkout=2026-09-19&group_adults=2&req_adults=2&no_rooms=1&group_children=0&req_children=0|8,8|21|Apartamento/Casa/Estudio|3|2026-09-16|2026-09-19|2|1|0
Punta_Umbría|Vivienda Turística Playa Vida Punta Umbría|https://www.booking.com/hotel/es/apartamento-playa-vida-punta-umbria.es.html?checkin=2026-09-16&checkout=2026-09-19&group_adults=2&req_adults=2&no_rooms=1&group_children=0&req_children=0|9,2|52|Apartamento/Casa/Estudio|3|2026-09-16|2026-09-19|2|1|0
Punta_Umbría|Punta Umbria ideal apartamento Enebrales|https://www.booking.com/hotel/es/leo-punta-umbria-ideal-apart.es.html?checkin=2026-09-16&checkout=2026-09-19&group_adults=2&req_adults=2&no_rooms=1&group_children=0&req_children=0|8,7|43|Apartamento/Casa/Estudio|4|2026-09-16|2026-09-19|2|1|0
Punta_Umbría|Primera Planta Punta Umbria 2 dormitorios junto al mar (1)|https://www.booking.com/hotel/es/primera-planta-punta-umbria-2-dormitorios-junto-al-mar-1.es.html?checkin=2026-09-16&checkout=2026-09-19&group_adults=2&req_adults=2&no_rooms=1&group_children=0&req_children=0|8,6|85|Apartamento/Casa/Estudio|4|2026-09-16|2026-09-19|2|1|0
Punta_Umbría|Vivienda Turistica Play Puntamar Punta Umbria|https://www.booking.com/hotel/es/vivienda-turistica-playa-puntamar-punta-umbria.es.html?checkin=2026-09-16&checkout=2026-09-19&group_adults=2&req_adults=2&no_rooms=1&group_children=0&req_children=0|9,5|46|Apartamento/Casa/Estudio|4|2026-09-16|2026-09-19|2|1|0
Punta_Umbría|Apartment Punta Umbría Luxury|https://www.booking.com/hotel/es/apartment-punta-umbria-luxury.es.html?checkin=2026-09-16&checkout=2026-09-19&group_adults=2&req_adults=2&no_rooms=1&group_children=0&req_children=0|8,3|33|Apartamento/Casa/Estudio|4|2026-09-16|2026-09-19|2|1|0
Punta_Umbría|Apartamento con vistas al mar|https://www.booking.com/hotel/es/apartamento-con-vistas-al-mar-punta-umbraa.es.html?checkin=2026-09-16&checkout=2026-09-19&group_adults=2&req_adults=2&no_rooms=1&group_children=0&req_children=0|8,3|27|NA|NA|2026-09-16|2026-09-19|2|1|0
Punta_Umbría|Estancia a 600m de la playa en el centro de Punta Umbria|https://www.booking.com/hotel/es/bonita-estancia-vacacional.es.html?checkin=2026-09-16&checkout=2026-09-19&group_adults=2&req_adults=2&no_rooms=1&group_children=0&req_children=0|9,6|14|Apartamento/Casa/Estudio|4|2026-09-16|2026-09-19|2|1|0
Punta_Umbría|Hotel Emilio|https://www.booking.com/hotel/es/emilio.es.html?checkin=2026-09-16&checkout=2026-09-19&group_adults=2&req_adults=2&no_rooms=1&group_children=0&req_children=0|8,5|575|Hotel|1|2026-09-16|2026-09-19|2|1|0
Punta_Umbría|Palacete Punta Umbria|https://www.booking.com/hotel/es/palacete-punta-umbria-punta-umbria.es.html?checkin=2026-09-16&checkout=2026-09-19&group_adults=2&req_adults=2&no_rooms=1&group_children=0&req_children=0|NA|NA|Apartamento/Casa/Estudio|3|2026-09-16|2026-09-19|2|1|0
Punta_Umbría|Ático con vistas al mar|https://www.booking.com/hotel/es/atico-con-vistas-al-mar-punta-umbria.es.html?checkin=2026-09-16&checkout=2026-09-19&group_adults=2&req_adults=2&no_rooms=1&group_children=0&req_children=0|8,8|13|Apartamento/Casa/Estudio|4|2026-09-16|2026-09-19|2|1|0
Punta_Umbría|Casa Delfin|https://www.booking.com/hotel/es/casa-delfin-punta-umbria.es.html?checkin=2026-09-16&checkout=2026-09-19&group_adults=2&req_adults=2&no_rooms=1&group_children=0&req_children=0|9,7|17|Apartamento/Casa/Estudio|3|2026-09-16|2026-09-19|2|1|0
Punta_Umbría|Hostal Manuela|https://www.booking.com/hotel/es/hostal-manuela.es.html?checkin=2026-09-16&checkout=2026-09-19&group_adults=2&req_adults=2&no_rooms=1&group_children=0&req_children=0|9,0|201|Hotel|2|2026-09-16|2026-09-19|2|1|0
Punta_Umbría|Apartamento en el centro de Punta Umbria|https://www.booking.com/hotel/es/apartment-in-the-center-of-punta-umbria.es.html?checkin=2026-09-16&checkout=2026-09-19&group_adults=2&req_adults=2&no_rooms=1&group_children=0&req_children=0|10|5|Apartamento/Casa/Estudio|4|2026-09-16|2026-09-19|2|1|0
Punta_Umbría|SUITEUMBRIA, diseño y relax en la playa!|https://www.booking.com/hotel/es/suiteumbria-diseno-y-relax-en-la-playa.es.html?checkin=2026-09-16&checkout=2026-09-19&group_adults=2&req_adults=2&no_rooms=1&group_children=0&req_children=0|9,5|53|NA|NA|2026-09-16|2026-09-19|2|1|0
Punta_Umbría|Apartamentos Vacacionales Malba Primero A|https://www.booking.com/hotel/es/apartamentos-vacacionales-malba.es.html?checkin=2026-09-16&checkout=2026-09-19&group_adults=2&req_adults=2&no_rooms=1&group_children=0&req_children=0|9,0|2|NA|NA|2026-09-16|2026-09-19|2|1|0
Punta_Umbría|Enebral 341|https://www.booking.com/hotel/es/enebral-341.es.html?checkin=2026-09-16&checkout=2026-09-19&group_adults=2&req_adults=2&no_rooms=1&group_children=0&req_children=0|9,0|11|Apartamento/Casa/Estudio|3|2026-09-16|2026-09-19|2|1|0
Punta_Umbría|Apartamentos Vacacionales Malba bajo B|https://www.booking.com/hotel/es/apartamentos-vacacionales-malba-bajo-b.es.html?checkin=2026-09-16&checkout=2026-09-19&group_adults=2&req_adults=2&no_rooms=1&group_children=0&req_children=0|NA|NA|NA|NA|2026-09-16|2026-09-19|2|1|0
Punta_Umbría|Apartamentos vacacionales malba Bajo A|https://www.booking.com/hotel/es/apartamentos-vacacionales-malba-punta-umbria.es.html?checkin=2026-09-16&checkout=2026-09-19&group_adults=2&req_adults=2&no_rooms=1&group_children=0&req_children=0|9,0|1|NA|NA|2026-09-16|2026-09-19|2|1|0
Punta_Umbría|Nido de mar|https://www.booking.com/hotel/es/emiroom-punta-umbria.es.html?checkin=2026-09-16&checkout=2026-09-19&group_adults=2&req_adults=2&no_rooms=1&group_children=0&req_children=0|8,4|5|NA|NA|2026-09-16|2026-09-19|2|1|0
Punta_Umbría|APARTAMENTO PORTIL PLAYA|https://www.booking.com/hotel/es/apartamento-portil-playa.es.html?checkin=2026-09-16&checkout=2026-09-19&group_adults=2&req_adults=2&no_rooms=1&group_children=0&req_children=0|7,4|44|Apartamento/Casa/Estudio|3|2026-09-16|2026-09-19|2|1|0
Punta_Umbría|Caracola Playa|https://www.booking.com/hotel/es/caracola-playa.es.html?checkin=2026-09-16&checkout=2026-09-19&group_adults=2&req_adults=2&no_rooms=1&group_children=0&req_children=0|9,5|30|Apartamento/Casa/Estudio|3|2026-09-16|2026-09-19|2|1|0
Punta_Umbría|Piso de 3 habitaciones en el centro de Punta Umbria recién renovado!|https://www.booking.com/hotel/es/piso-en-el-centro-de-punta-umbria.es.html?checkin=2026-09-16&checkout=2026-09-19&group_adults=2&req_adults=2&no_rooms=1&group_children=0&req_children=0|8,3|40|Apartamento/Casa/Estudio|3|2026-09-16|2026-09-19|2|1|0
Punta_Umbría|Apartamento centro Punta Umbría|https://www.booking.com/hotel/es/apartamento-centro-punta-umbria.es.html?checkin=2026-09-16&checkout=2026-09-19&group_adults=2&req_adults=2&no_rooms=1&group_children=0&req_children=0|9,7|11|Apartamento/Casa/Estudio|3|2026-09-16|2026-09-19|2|1|0
Punta_Umbría|Chalet con jardin privado y piscina para disfrutar con la familia y amigos|https://www.booking.com/hotel/es/chalets-en-punta-umbria.es.html?checkin=2026-09-16&checkout=2026-09-19&group_adults=2&req_adults=2&no_rooms=1&group_children=0&req_children=0|10|1|Apartamento/Casa/Estudio|4|2026-09-16|2026-09-19|2|1|0
Punta_Umbría|Atico mar|https://www.booking.com/hotel/es/emi-punta-umbria.es.html?checkin=2026-09-16&checkout=2026-09-19&group_adults=2&req_adults=2&no_rooms=1&group_children=0&req_children=0|8,3|19|Apartamento/Casa/Estudio|3|2026-09-16|2026-09-19|2|1|0
Punta_Umbría|Espectacular Ático con Terraza en Playa Centro de Punta Umbría 140m2 - 10 Personas|https://www.booking.com/hotel/es/atico-140m2-en-el-centro-punta-umbria-40-m2-terraza-100-m2-vivienda-con-4-habita.es.html?checkin=2026-09-16&checkout=2026-09-19&group_adults=2&req_adults=2&no_rooms=1&group_children=0&req_children=0|9,3|3|Apartamento/Casa/Estudio|4|2026-09-16|2026-09-19|2|1|0
Punta_Umbría|Entre mar y pinos|https://www.booking.com/hotel/es/entre-mar-y-pinos.es.html?checkin=2026-09-16&checkout=2026-09-19&group_adults=2&req_adults=2&no_rooms=1&group_children=0&req_children=0|9,7|11|Apartamento/Casa/Estudio|4|2026-09-16|2026-09-19|2|1|0
Punta_Umbría|SunBeach- Apartamento cerca de la playa en Punta Umbría|https://www.booking.com/hotel/es/apartamento-sunbeach-punta-umbria2.es.html?checkin=2026-09-16&checkout=2026-09-19&group_adults=2&req_adults=2&no_rooms=1&group_children=0&req_children=0|6,7|4|Apartamento/Casa/Estudio|4|2026-09-16|2026-09-19|2|1|0
Punta_Umbría|Apartamento La Mar|https://www.booking.com/hotel/es/apartamento-la-mar-punta-umbria.es.html?checkin=2026-09-16&checkout=2026-09-19&group_adults=2&req_adults=2&no_rooms=1&group_children=0&req_children=0|8,0|16|NA|NA|2026-09-16|2026-09-19|2|1|0
Punta_Umbría|Precioso Apartamento Reformado|https://www.booking.com/hotel/es/precioso-apartamento-reformado-punta-umbria.es.html?checkin=2026-09-16&checkout=2026-09-19&group_adults=2&req_adults=2&no_rooms=1&group_children=0&req_children=0|9,0|1|Apartamento/Casa/Estudio|3|2026-09-16|2026-09-19|2|1|0
Punta_Umbría|PISO CENTRICO EN PUNTA UMBRIA|https://www.booking.com/hotel/es/piso-centrico-en-punta-umbria.es.html?checkin=2026-09-16&checkout=2026-09-19&group_adults=2&req_adults=2&no_rooms=1&group_children=0&req_children=0|8,7|87|Apartamento/Casa/Estudio|4|2026-09-16|2026-09-19|2|1|0
Punta_Umbría|El Chalet|https://www.booking.com/hotel/es/el-chalet-punta-umbria.es.html?checkin=2026-09-16&checkout=2026-09-19&group_adults=2&req_adults=2&no_rooms=1&group_children=0&req_children=0|9,6|6|Apartamento/Casa/Estudio|4|2026-09-16|2026-09-19|2|1|0
Punta_Umbría|Ático con terraza en el centro de Punta Umbría|https://www.booking.com/hotel/es/atico-con-terraza-en-el-centro-de-punta-umbria.es.html?checkin=2026-09-16&checkout=2026-09-19&group_adults=2&req_adults=2&no_rooms=1&group_children=0&req_children=0|8,0|26|Apartamento/Casa/Estudio|4|2026-09-16|2026-09-19|2|1|0
Punta_Umbría|Velero VagaMares en Punta Umbría|https://www.booking.com/hotel/es/velero-vagamares-en-punta-umbria.es.html?checkin=2026-09-16&checkout=2026-09-19&group_adults=2&req_adults=2&no_rooms=1&group_children=0&req_children=0|8,7|12|NA|NA|2026-09-16|2026-09-19|2|1|0
Punta_Umbría|Apartamento Delfin - Punta Umbria|https://www.booking.com/hotel/es/apartamento-delfin-punta-umbria.es.html?checkin=2026-09-16&checkout=2026-09-19&group_adults=2&req_adults=2&no_rooms=1&group_children=0&req_children=0|9,4|49|Apartamento/Casa/Estudio|4|2026-09-16|2026-09-19|2|1|0
Punta_Umbría|Cisne del mar|https://www.booking.com/hotel/es/cisne-del-mar.es.html?checkin=2026-09-16&checkout=2026-09-19&group_adults=2&req_adults=2&no_rooms=1&group_children=0&req_children=0|NA|NA|Apartamento/Casa/Estudio|4|2026-09-16|2026-09-19|2|1|0
Punta_Umbría|Playa de Punta Umbría Centro|https://www.booking.com/hotel/es/playa-de-punta-umbria-centro.es.html?checkin=2026-09-16&checkout=2026-09-19&group_adults=2&req_adults=2&no_rooms=1&group_children=0&req_children=0|9,2|32|Apartamento/Casa/Estudio|4|2026-09-16|2026-09-19|2|1|0
Punta_Umbría|Casa a pie de playa, con patio. Zona Miramar.|https://www.booking.com/hotel/es/casa-a-pie-de-playa-con-patio-zona-miramar-punta-umbria.es.html?checkin=2026-09-16&checkout=2026-09-19&group_adults=2&req_adults=2&no_rooms=1&group_children=0&req_children=0|9,8|13|NA|NA|2026-09-16|2026-09-19|2|1|0
Punta_Umbría|Alquiler de barco velero|https://www.booking.com/hotel/es/alquiler-de-barco-velero.es.html?checkin=2026-09-16&checkout=2026-09-19&group_adults=2&req_adults=2&no_rooms=1&group_children=0&req_children=0|NA|NA|NA|NA|2026-09-16|2026-09-19|2|1|0
